{
   "Aix Marseille Provence Metropole":{
      "api_path":"https://vigilo.velosenville.org",
      "country":"France",
      "prod":true,
      "scope":"13_aixmarseillemetro"
   },
   "Amiens":{
      "api_path":"https://velo.varas-genestier.net",
      "country":"France",
      "prod":true,
      "scope":"80_amiens"
   },
   "Avignon":{
      "api_path":"https://test.grantime.fr/app/",
      "country":"France",
      "prod":false,
      "scope":"84_Avignon"
   },
   "Bassin Arcachon Sud":{
      "api_path":"https://vigilo.velobassin.org",
      "country":"France",
      "prod":true,
      "scope":"33_arcachon"
   },
   "Beauvais":{
      "api_path":"https://vigilo.vellovaque.fr",
      "country":"France",
      "prod":true,
      "scope":"60_beauvaisis"
   },
   "Bourges (beta)":{
      "api_path":"https://vigilo.webbanana.fr",
      "country":"France",
      "prod":false,
      "scope":"18_bourges"
   },
   "Brest":{
      "api_path":"https://vigilo.bapav.org",
      "country":"France",
      "prod":true,
      "scope":"29_brest"
   },
   "Colmar et environs":{
      "api_path":"https://www.vigilo.cadrescolmar.org",
      "country":"France",
      "prod":true,
      "scope":"68_colmarenvirons"
   },
   "Le Cotentin Agglomération":{
      "api_path":"https://vigilo.velorution-cherbourg.fr",
      "country":"France",
      "prod":true,
      "scope":"50_cotentin"
   },
   "Evian-les-Bains":{
      "api_path":"https://www.modouce.fr/vigilo",
      "country":"France",
      "prod":true,
      "scope":"74_Evian"
   },
   "Evreux":{
      "api_path":"https://www.vigilo.cube27.org",
      "country":"France",
      "prod":true,
      "scope":"27_evreux"
   },
   "Grand Nancy":{
      "api_path":"https://vigilo.rigelk.eu",
      "country":"France",
      "prod":true,
      "scope":"54_grandnancy"
   },
   "Haut Doubs et Grand Pontarlier":{
      "api_path":"http://hautdoubsetgrandpontarlie.fub-00.vigilo.city/",
      "country":"France",
      "prod":false,
      "scope":"25_hautdoubsetgrandpontarlie"
   },
   "Isère (APIE)":{
      "api_path":"https://vigilo.apie-asso.net",
      "country":"France",
      "prod":true,
      "scope":"38_capi"
   },
   "La Rochelle":{
      "api_path":"https://vigilo-lr.corolo.fr",
      "country":"France",
      "prod":true,
      "scope":"17_larochelle"
   },
   "Laval Agglomération":{
     "api_path": "https://igilo.placeauvelo.org",
      "country": "France",
      "prod": true,
      "scope": "53_laval"
   },
   "Libournais":{
     "api_path": "https://florgz.com/vigilo/",
      "country": "France",
      "prod": true,
      "scope": "33_libournais"
   },
   "Lorient Agglomération":{
      "api_path":"https://vigilo.claav.fr",
      "country":"France",
      "prod":true,
      "scope":"56_lorient"
   },
   "Mons (Be)":{
      "api_path":"https://vigilo.geckonline.be",
      "country":"Belgique",
      "prod":true,
      "scope":"be_mons"
   },
   "Montpellier":{
      "api_path":"https://prod-mtp.vigilo.velocite-montpellier.fr",
      "country":"France",
      "prod":true,
      "scope":"34_montpellier"
   },
   "Nantes Métropole":{
      "api_path":"https://vigilo.placeauvelo-nantes.fr/",
      "country":"France",
      "prod":true,
      "scope":"44_nantesmetropole"
   },
   "Métropole Nice Côte d'Azur":{
      "api_path":"https://vigiloniceavelo.fr/",
      "country":"France",
      "prod":true,
      "scope":"06_METROPOLENCA"
    },
   "Niort":{
      "api_path":"https://vigilo.villovelo.org/",
      "country":"France",
      "prod":false,
      "scope":"79_Niort"
   },
   "Paris-Saclay":{
      "api_path":"https://api.vigilo-parissaclay.mdb-idf.org/",
      "country":"France",
      "prod":true,
      "scope":"91_parissaclay"
   },
   "Périgueux Agglo":{
      "api_path":"https://vigilo.velorution-perigourdine.fr",
      "country":"France",
      "prod":true,
      "scope":"24_AggloPgx"
   },
   "Quimper Communauté":{
      "api_path":"https://vigilo.kernavelo.org",
      "country":"France",
      "prod":true,
      "scope":"29_quimper"
   },
   "Saint Marcellin Vercors Isère":{
      "api_path":"https://vigilo.roulavelo.org",
      "country":"France",
      "prod":true,
      "scope":"38_SMVIC"
   },
   "Saint-Brieuc Armor Agglomération":{
      "api_path":"https://api-vigilo.velo-utile.fr",
      "country":"France",
      "prod":true,
      "scope":"22_SBAA"
   },
   "Saint-Lô Agglo":{
      "api_path":"https://vigilio.assovelo.fr",
      "country":"France",
      "prod":true,
      "scope":"50_saintloagglo"
   },
   "Strasbourg":{
      "api_path":"https://www.strasbourgavelo.eu",
      "country":"France",
      "prod":true,
      "scope":"67_strasbourg"
   },
   "Sud Oise":{
      "api_path":"https://vigilo.au5v.fr/",
      "country":"France",
      "prod":true,
      "scope":"60_SudOise"
   },
   "Sète Thau":{
      "api_path":"https://prod-sete.vigilo.velocite-montpellier.fr",
      "country":"France",
      "prod":false,
      "scope":"34_setethau"
   },
   "Toulon Var":{
      "api_path":"https://vigilo.toulon-var-deplacements.fr",
      "country":"France",
      "prod":true,
      "scope":"83_toulon"
   },
   "Troyes Agglomération":{
      "api_path":"https://api.vigilo.troyesenselle.fr",
      "country":"France",
      "prod":true,
      "scope":"10_troyes"
   },
   "Vallée Sud Grand Paris":{
      "api_path":"https://api.vigilo.velosudgrandparis.fr",
      "country":"France",
      "prod":false,
      "scope":"92_valleesud"
   },
   "Vannes Agglo":{
      "api_path":"https://vigilo.kaz.bzh",
      "country":"France",
      "prod":true,
      "scope":"56_vannes"
   },
   "Bordeaux Métropole":{
      "api_path":"https://vigilo.cycles-manivelles.org/api",
      "country":"France",
      "prod":true,
      "scope":"33_bordeaux"
   },
   "Châteaugiron (Pays de)":{
      "api_path":"https://pouliquen.net/vigilo",
      "country":"France",
      "prod":true,
      "scope":"35_Chateaugiron"
   }
}
